{
  "symbols": [
    "TA",
    "RM",
    "MA"
  ],
  "period": "2019-2025",
  "n_sims": 1000,
  "block_size": 10,
  "oos_trades": 286,
  "oos_sharpe": 0.7562854841036434,
  "oos_annual": 25.650262199104603,
  "oos_max_dd": -47.01584970958292,
  "percentiles": {
    "p1": -13.34311540253883,
    "p5": -2.5495401928559858,
    "p10": 3.844005922231686,
    "p25": 13.507954707974989,
    "p50": 26.673829000758374,
    "p75": 42.19664088465096,
    "p90": 56.46678142492489,
    "p95": 66.38437092103,
    "p99": 85.68583497540367
  },
  "ruin_prob_30": 98.8,
  "ruin_prob_40": 87.9,
  "ruin_prob_50": 59.5,
  "var_5": -2.5495401928559858,
  "cvar_5": -8.98123409335581,
  "profit_prob": 93.60000000000001,
  "mean_annual": 28.876070678124545,
  "median_annual": 26.673829000758374,
  "std_annual": 21.38032444067035,
  "best_params": {
    "percentile_window": 30,
    "long_entry_pct": 0.3,
    "short_entry_pct": 0.7,
    "atr_stop_mult": 1.8,
    "atr_take_mult": 2.5,
    "max_hold_days": 10
  }
}