{
  "symbols": [
    "TA",
    "RM",
    "MA"
  ],
  "period": "2019-2025",
  "n_sims": 1000,
  "block_size": 10,
  "oos_trades": 286,
  "oos_sharpe": 0.7562854841036434,
  "oos_annual": 25.650262199104603,
  "oos_max_dd": -47.01584970958292,
  "percentiles": {
    "p1": -15.885221150442025,
    "p5": -3.523977877344591,
    "p10": 2.565957775001562,
    "p25": 14.441716082530649,
    "p50": 27.191037010832066,
    "p75": 42.5010757100437,
    "p90": 56.41182110396643,
    "p95": 66.91798549670126,
    "p99": 88.50337236186833
  },
  "ruin_prob_30": 98.4,
  "ruin_prob_40": 87.0,
  "ruin_prob_50": 60.3,
  "var_5": -3.523977877344591,
  "cvar_5": -10.69402712569659,
  "profit_prob": 93.10000000000001,
  "mean_annual": 28.995993274846864,
  "median_annual": 27.191037010832066,
  "std_annual": 21.495251717168095,
  "best_params": {
    "percentile_window": 30,
    "long_entry_pct": 0.3,
    "short_entry_pct": 0.7,
    "atr_stop_mult": 1.8,
    "atr_take_mult": 2.5,
    "max_hold_days": 10
  }
}