{
  "timestamp": "2026-04-16T17:35:49.529567",
  "initial_capital": 10000,
  "results": {
    "continuous_losses": {
      "equity_curve": [
        10000,
        9999.669296506298,
        9999.825489242628,
        10001.680999751849,
        9978.84201316768,
        9962.161977084004,
        9942.133427858498,
        9913.963796170992,
        9892.240905724071,
        9876.502487317084,
        9850.88558633667,
        9830.067967253135,
        9788.63928262303,
        9769.768239933526,
        9739.217153367712,
        9728.536759536579,
        9714.87386480681,
        9683.72121390474,
        9664.0925362583,
        9638.489989217436,
        9620.41457585373,
        9592.83648851994,
        9564.606250792713,
        9557.708238673207,
        9528.757841474517,
        9503.445137288052,
        9475.177408530753,
        9453.062140219825,
        9441.300624741847,
        9427.86037550625,
        9420.987927080037
      ],
      "final_capital": 9420.987927080037,
      "total_return": -0.05790120729199625,
      "max_drawdown": 0.05805954745869405,
      "sharpe_ratio": -30.643541621863957
    },
    "high_volatility": {
      "equity_curve": [
        10000,
        10046.519590522912,
        10063.792723327466,
        10043.151480219938,
        10049.281751424229,
        10082.228598561202,
        10014.272705743135,
        10062.7534742306,
        10033.372211721071,
        10014.140507645763,
        10004.73263305634,
        9993.816438689153,
        9956.821988454554,
        10003.445742707376,
        10002.490340078199,
        9995.09778640688,
        10026.057669203501,
        10014.768424528836,
        10061.416528442309,
        10101.979126353413,
        10101.486796369903,
        10170.225741352271,
        10140.35597502075,
        10161.345818254731,
        10121.08848559213,
        10091.097827690108,
        10015.578361607437,
        10035.966187945802,
        10017.683399180658,
        10111.899481054857,
        10155.710768295377
      ],
      "final_capital": 10155.710768295377,
      "total_return": 0.015571076829537742,
      "max_drawdown": 0.015205894507929755,
      "sharpe_ratio": 2.1325209553860693
    },
    "sudden_crash": {
      "equity_curve": [
        10000,
        10000.588221060048,
        10009.37172694987,
        10017.207707390096,
        10019.648836417446,
        10023.574871817766,
        10034.088175230196,
        10046.658514148183,
        10043.604152355258,
        10055.869242163599,
        10052.584634283292,
        10047.897674627548,
        10060.990534178698,
        10056.372092458385,
        10050.513971631613,
        10060.177337891306,
        9858.97379113348,
        9862.768816888902,
        9875.330529347835,
        9876.105183309503,
        9896.718255113357,
        9903.906362483724,
        9903.764838148802,
        9912.474396585438,
        9923.6667918177,
        9922.31969805186,
        9914.578177350239,
        9921.195250791447,
        9938.081141391454,
        9934.292003983635,
        9943.425793546941
      ],
      "final_capital": 9943.425793546941,
      "total_return": -0.005657420645305865,
      "max_drawdown": 0.020079210129354274,
      "sharpe_ratio": -0.7702030419602545
    },
    "liquidity_crisis": {
      "equity_curve": [
        10000,
        10004.781020641378,
        10014.57795362933,
        10018.026993700876,
        10008.232493546742,
        10010.720608950236,
        10028.77181791309,
        10049.296838510121,
        10046.492557184738,
        10059.661358593097,
        10071.813650783479,
        10080.020393572544,
        10091.171466610087,
        10088.435229428433,
        10078.61141212193,
        10071.555619672776,
        10085.116536727237,
        10028.34693681776,
        10085.354986982831,
        10052.78974738776,
        10060.640435021292,
        10097.513922624817,
        10032.09497888505,
        10036.509437145025,
        10017.241321775238,
        10003.395288464179,
        9974.329172844675,
        9956.497571115324,
        9963.016312779288,
        9967.76164720437,
        9982.619972779134
      ],
      "final_capital": 9982.619972779134,
      "total_return": -0.0017380027220866396,
      "max_drawdown": 0.013965452545059421,
      "sharpe_ratio": -0.3690766816126175
    }
  }
}