{
  "initial_capital": 10000,
  "final_capital": 22133.25113574936,
  "total_return_pct": 121.33251135749354,
  "annual_return_pct": 14.16176087386436,
  "total_trades": 99,
  "win_rate_pct": 49.494949494949495,
  "avg_win": 791.1847520317782,
  "avg_lose": -532.6960342761555,
  "profit_factor": 1.4852461837957278,
  "max_drawdown_pct": -23.275432837902702,
  "sharpe_ratio": 0.7395204811471577,
  "calmar_ratio": 0.6084424282242669,
  "avg_positions": 0.2927835051546392,
  "avg_utilization_pct": 3.2379429570719305,
  "symbol_stats": {
    "RM": {
      "trades": 43,
      "win_rate": 51.162790697674424,
      "total_pnl": 10261.125016156704,
      "avg_pnl": 238.63081432922567
    },
    "TA": {
      "trades": 20,
      "win_rate": 55.00000000000001,
      "total_pnl": 2115.0287914709284,
      "avg_pnl": 105.75143957354642
    },
    "MA": {
      "trades": 36,
      "win_rate": 44.44444444444444,
      "total_pnl": -242.90267187827388,
      "avg_pnl": -6.747296441063163
    }
  },
  "exit_reasons": {
    "超时7天": 40,
    "硬止损": 31,
    "ATR止盈": 22,
    "超时10天": 3,
    "超时8天": 1,
    "超时12天": 1,
    "回测结束": 1
  },
  "symbols_tested": [
    "TA",
    "RM",
    "MA"
  ]
}